Song Name,Crazy Rating,Direction of Melody,Direction Stability,Pitch Range,Equal Consecutive Notes Rating,Unique Rhythm Values,Final Rating
./midi_files/home_riff.mid,0.0,0.65,0.75,0.8333333333333334,0.0,0.13636363636363635,0.1717877242572591
./midi_files/dead_memories.mid,0.0,0.3333333333333333,0.5833333333333334,0.8888888888888888,0.25,0.42857142857142855,0.1853017814361917
./midi_files/alan_walker_-_alone.mid,0.0,0.44285714285714284,0.65,0.8266666666666667,0.02857142857142857,0.021021021021021023,0.0983003653858814
./midi_files/whenimgone.mid,0.024822695035460994,0.46099290780141844,0.6099290780141844,0.49382716049382713,0.10638297872340426,0.02626970227670753,0.06033168204180235
./midi_files/duckandrun.mid,0.05334987593052109,0.34925558312655086,0.6364764267990074,0.5797101449275363,0.10483870967741936,0.007027027027027027,0.030362345780198773
./midi_files/loser.mid,0.15,0.2,0.35,0.6363636363636364,0.0,0.003538928210313448,0.0854393486248138
./midi_files/kryptonite.mid,0.0,0.16939890710382513,0.3251366120218579,0.7575757575757576,0.6475409836065574,0.020380434782608696,0.20531499622446156
